,$type,title,hidden,translationSetId,language,id,created,modified,createdBy,modifiedBy,hasDynamicValueTags
0,"Museumvereniging.Persistent.Domain.Items.Topic, Museumvereniging.Persistent.Domain",anatomie,True,11056b5c-797e-4d44-9ada-4232fb096f65,nl,8e517f67-ec72-45ec-676f-08d806cfc435,2020-06-02T08:34:29.2437141+00:00,2020-07-13 09:41:18.189694200+00:00,,,False
1,"Museumvereniging.Persistent.Domain.Items.Topic, Museumvereniging.Persistent.Domain",aardewerk,True,00b99877-7d6b-4e5a-8624-b08d837a0d91,nl,783d8f7e-48ec-4f4f-6770-08d806cfc435,2020-06-02T09:43:05.6529012+00:00,2020-07-13 09:41:26.246941100+00:00,,,False
2,"Museumvereniging.Persistent.Domain.Items.Topic, Museumvereniging.Persistent.Domain",abdij,True,f7cea112-1ac8-4e22-abd1-52251d91efff,nl,bed727f2-7bac-42df-6771-08d806cfc435,2020-06-02T09:43:25.545703+00:00,2020-07-13 09:41:31.711004100+00:00,,,False
3,"Museumvereniging.Persistent.Domain.Items.Topic, Museumvereniging.Persistent.Domain",abstract,True,8ed209c7-7c89-46b1-be02-f20017812b3d,nl,ba575568-83d3-4f77-6772-08d806cfc435,2020-06-02T09:43:40.5136126+00:00,2020-07-13 09:31:25.304546300+00:00,,,False
4,"Museumvereniging.Persistent.Domain.Items.Topic, Museumvereniging.Persistent.Domain",academisch,True,fe575c71-ea3e-43cd-9a34-f1841d800c42,nl,83739711-8645-4f8f-6773-08d806cfc435,2020-06-02T09:43:53.6831719+00:00,2020-07-13 09:31:30.086423300+00:00,,,False
5,"Museumvereniging.Persistent.Domain.Items.Topic, Museumvereniging.Persistent.Domain",achttiende eeuw,True,c28cd83f-7d9b-4664-9316-3ef00c2ba00b,nl,8970f32f-49ab-46de-6774-08d806cfc435,2020-06-02T09:44:13.7365702+00:00,2020-07-13 09:31:34.796562900+00:00,,,False
6,"Museumvereniging.Persistent.Domain.Items.Topic, Museumvereniging.Persistent.Domain",adel,True,721b5dee-6686-4b7e-b055-a0960016ec0d,nl,d8416287-e5d7-415b-6775-08d806cfc435,2020-06-02T09:44:27.0853337+00:00,2020-07-13 09:31:38.747915400+00:00,,,False
7,"Museumvereniging.Persistent.Domain.Items.Topic, Museumvereniging.Persistent.Domain",Miro,True,f24b9c20-b6f0-490b-af0d-ae008223dec5,nl,a68bd592-35da-4819-6776-08d806cfc435,2020-06-02T09:44:42.2440056+00:00,2020-07-13 09:31:42.763843100+00:00,,,False
8,"Museumvereniging.Persistent.Domain.Items.Topic, Museumvereniging.Persistent.Domain",affiches,True,97264ab9-e215-429d-8ae7-91e4ca4341e8,nl,765bc69c-e3d7-43a5-6777-08d806cfc435,2020-06-02T09:44:58.9639501+00:00,2020-07-13 09:31:46.494859400+00:00,,,False
9,"Museumvereniging.Persistent.Domain.Items.Topic, Museumvereniging.Persistent.Domain",ambachtelijk,True,ef1247ea-0d10-43c6-95ac-141771827823,nl,a1357cf5-1210-4d6b-6778-08d806cfc435,2020-06-02T09:45:26.5443113+00:00,2020-07-13 09:31:50.420435100+00:00,,,False
10,"Museumvereniging.Persistent.Domain.Items.Topic, Museumvereniging.Persistent.Domain",ambulance,True,c8c20bca-2779-49d0-97a8-882d2586e5fc,nl,e4cf4850-9dde-4344-6779-08d806cfc435,2020-06-02T09:45:36.1856239+00:00,2020-07-13 09:31:54.683291900+00:00,,,False
11,"Museumvereniging.Persistent.Domain.Items.Topic, Museumvereniging.Persistent.Domain",amfibien,True,84776117-365a-49ff-bcc6-e5ec0333fc26,nl,aeb453ea-54d1-46f2-677a-08d806cfc435,2020-06-02T09:45:46.732146+00:00,2020-07-13 09:31:59.842049100+00:00,,,False
12,"Museumvereniging.Persistent.Domain.Items.Topic, Museumvereniging.Persistent.Domain",Amsterdamse school,True,c5ab0596-8c6b-4307-ac5a-8ae097971cf0,nl,f631f448-3b4a-4c56-677b-08d806cfc435,2020-06-02T09:45:59.2452386+00:00,2020-07-13 09:32:04.391858+00:00,,,False
13,"Museumvereniging.Persistent.Domain.Items.Topic, Museumvereniging.Persistent.Domain",75 jaar vrijheid,False,72aa32a1-94d6-4444-8c25-c7ed4f3fd62d,nl,e8c26d30-b3a0-42f3-677c-08d806cfc435,2020-06-02T09:46:23.8048118+00:00,2020-07-22 10:06:50.468836300+00:00,,,False
14,"Museumvereniging.Persistent.Domain.Items.Topic, Museumvereniging.Persistent.Domain",beeldhouwkunst,False,3a245c28-c42f-4eb6-bb93-dbe42aafc7ec,nl,6c669bc3-de46-41b2-677d-08d806cfc435,2020-06-02T11:50:47.1156256+00:00,2020-11-20 09:48:07.452985600+00:00,,,False
15,"Museumvereniging.Persistent.Domain.Items.Topic, Museumvereniging.Persistent.Domain",fotografie,False,a2e1ce90-61a7-410e-b3ed-00a0cde2b0af,nl,d9d83d2f-5233-4aff-677e-08d806cfc435,2020-06-02T11:51:04.0077263+00:00,2020-07-13 09:32:23.032405400+00:00,,,False
16,"Museumvereniging.Persistent.Domain.Items.Topic, Museumvereniging.Persistent.Domain",schilderkunst,False,7d2a345d-e4e4-48e6-95f9-25641e1fb773,nl,191d9fae-190c-4cda-677f-08d806cfc435,2020-06-02T11:52:01.4190319+00:00,2020-07-13 09:32:27.566627100+00:00,,,False
17,"Museumvereniging.Persistent.Domain.Items.Topic, Museumvereniging.Persistent.Domain",slavernij,True,28534fb3-fba4-45c1-b888-b1201603ef66,nl,f52705bf-6021-4635-6780-08d806cfc435,2020-06-02T11:52:34.8817792+00:00,2020-07-16 08:32:52.703493300+00:00,,,False
18,"Museumvereniging.Persistent.Domain.Items.Topic, Museumvereniging.Persistent.Domain",prentenkunst,True,75217264-662b-46bb-833f-259582595dd8,nl,270c5111-502f-47e4-6781-08d806cfc435,2020-06-02T11:52:56.9165536+00:00,2020-07-16 08:26:42.284720+00:00,,,False
19,"Museumvereniging.Persistent.Domain.Items.Topic, Museumvereniging.Persistent.Domain",byzantijnse kunst,True,f8896ccf-7a6c-42f0-8dc6-208cae0d00b9,nl,5e3451dd-1346-49fe-6782-08d806cfc435,2020-06-02T11:53:29.8271642+00:00,2020-07-13 09:32:44.565888800+00:00,,,False
20,"Museumvereniging.Persistent.Domain.Items.Topic, Museumvereniging.Persistent.Domain",architectuur,True,5dcbe5a5-0931-49b8-b268-0f4fcb414ba9,nl,406c9cba-e060-4e47-6783-08d806cfc435,2020-06-02T11:54:00.481982+00:00,2020-07-22 09:01:42.844137100+00:00,,,False
21,"Museumvereniging.Persistent.Domain.Items.Topic, Museumvereniging.Persistent.Domain",aquarellen,True,7b94e1df-886c-43e6-be38-b1845ec8c4cd,nl,814c33a2-e6ca-4062-6785-08d806cfc435,2020-06-02T11:56:54.1752568+00:00,2020-07-13 09:32:54.628203500+00:00,,,False
22,"Museumvereniging.Persistent.Domain.Items.Topic, Museumvereniging.Persistent.Domain",flora,True,7cf32269-19a9-4691-81e0-98ab202c38b7,nl,d6542745-b83b-4fb7-6786-08d806cfc435,2020-06-02T11:57:12.601286+00:00,2020-07-13 09:33:00.388977300+00:00,,,False
23,"Museumvereniging.Persistent.Domain.Items.Topic, Museumvereniging.Persistent.Domain",geologie,True,263389fc-3eb1-4b3a-be85-c2ceeb51541c,nl,3fc3b97a-0e45-4b4d-6787-08d806cfc435,2020-06-02T11:57:27.0226695+00:00,2020-07-13 09:33:05.353728600+00:00,,,False
24,"Museumvereniging.Persistent.Domain.Items.Topic, Museumvereniging.Persistent.Domain",biodiversiteit,True,6658957c-2ead-4e29-9b58-d68b0fffa88c,nl,331530b1-7fd3-4b32-6788-08d806cfc435,2020-06-02T11:58:02.6560036+00:00,2020-07-13 09:33:10.981244500+00:00,,,False
25,"Museumvereniging.Persistent.Domain.Items.Topic, Museumvereniging.Persistent.Domain",fauna,True,fa0dea65-34e2-4848-8ced-a43617085f7a,nl,b2ed69a6-7b7e-4144-6789-08d806cfc435,2020-06-02T11:59:32.0873994+00:00,2020-07-16 08:32:31.225269300+00:00,,,False
26,"Museumvereniging.Persistent.Domain.Items.Topic, Museumvereniging.Persistent.Domain",etsen,True,77e24525-dc4e-4caf-980f-ae6587804593,nl,63ea1e44-79b5-43ce-678a-08d806cfc435,2020-06-02T12:00:43.7218113+00:00,2020-07-13 09:33:22.877280200+00:00,,,False
27,"Museumvereniging.Persistent.Domain.Items.Topic, Museumvereniging.Persistent.Domain",energie,True,0c402690-8d9e-4d10-9d91-b8319359cf32,nl,391799ce-3eb9-44c3-678b-08d806cfc435,2020-06-02T12:01:14.7395716+00:00,2020-07-13 09:33:27.465908+00:00,,,False
28,"Museumvereniging.Persistent.Domain.Items.Topic, Museumvereniging.Persistent.Domain",Delfts blauw,True,44d44b11-c4ba-4924-a89f-22e02286c8d3,nl,95984c8e-c504-4371-678d-08d806cfc435,2020-06-02T12:02:19.1462999+00:00,2020-07-16 08:27:08.773172700+00:00,,,False
29,"Museumvereniging.Persistent.Domain.Items.Topic, Museumvereniging.Persistent.Domain",expressionisme,True,7ace3101-b8d8-4c90-9b82-f87eb183f01d,nl,8cf8396c-64c2-4c7c-678e-08d806cfc435,2020-06-02T12:02:49.6874063+00:00,2020-07-13 09:33:42.657720100+00:00,,,False
30,"Museumvereniging.Persistent.Domain.Items.Topic, Museumvereniging.Persistent.Domain",vliegtuigen,True,5453bb5b-2e31-40d8-a4d6-e4b884a93bfe,nl,69fdb07e-b026-4f0f-678f-08d806cfc435,2020-06-02T12:09:37.6655391+00:00,2020-07-16 08:28:39.061223300+00:00,,,False
31,"Museumvereniging.Persistent.Domain.Items.Topic, Museumvereniging.Persistent.Domain",militaire voertuigen,True,0aba0a3b-0f49-4c24-8b2f-6b90c2fc416e,nl,c1e317d3-618e-4e27-6790-08d806cfc435,2020-06-02T12:09:58.3510506+00:00,2020-07-13 09:33:52.674789700+00:00,,,False
32,"Museumvereniging.Persistent.Domain.Items.Topic, Museumvereniging.Persistent.Domain",literatuur,True,5ea9be05-f631-43e5-a98e-564a31b1c306,nl,6868a516-96c6-4f92-6791-08d806cfc435,2020-06-03T06:51:33.8394144+00:00,2020-07-16 08:28:17.060842100+00:00,,,False
33,"Museumvereniging.Persistent.Domain.Items.Topic, Museumvereniging.Persistent.Domain",middeleeuwen,True,0b1103ee-9b26-428a-8615-268a02d4f1e1,nl,e2820bb2-5972-4da2-6792-08d806cfc435,2020-06-03T06:52:08.0427013+00:00,2020-07-16 08:27:29.647978400+00:00,,,False
34,"Museumvereniging.Persistent.Domain.Items.Topic, Museumvereniging.Persistent.Domain",pointillisme,True,d2f2ce1e-06a2-4b18-86f6-2e68c84b4ccf,nl,7f65b6bb-8e36-4a0d-6793-08d806cfc435,2020-06-03T06:53:09.870561+00:00,2020-07-13 09:34:11.183794+00:00,,,False
35,"Museumvereniging.Persistent.Domain.Items.Topic, Museumvereniging.Persistent.Domain",mode,True,527e18a9-796d-411c-8f1c-75160bebafe4,nl,82e8375b-732f-4ccc-1da2-08d809576019,2020-06-05T13:50:15.1775891+00:00,2020-07-13 09:34:16.918441600+00:00,,,False
36,"Museumvereniging.Persistent.Domain.Items.Topic, Museumvereniging.Persistent.Domain",shipping,True,7eca36b7-d33e-444f-a3ba-0e3b2567589b,en,d3667b8d-b065-4b76-2897-08d80b98c379,2020-06-08T10:43:21.5133211+00:00,2020-07-13 09:34:29.502531+00:00,,,False
37,"Museumvereniging.Persistent.Domain.Items.Topic, Museumvereniging.Persistent.Domain",scheepvaart,False,87160977-dc35-4631-85eb-bdb556de26fe,nl,e966d37c-580f-4822-2898-08d80b98c379,2020-06-08T10:46:39.4399118+00:00,2020-07-22 10:06:42.123326100+00:00,,,False
38,"Museumvereniging.Persistent.Domain.Items.Topic, Museumvereniging.Persistent.Domain",pottery,True,b284b7e3-268d-446b-b9d0-d388037a7f7f,en,49d1b81b-68f5-44fb-2899-08d80b98c379,2020-06-08T10:47:29.4631185+00:00,2020-07-13 09:34:41.784546200+00:00,,,False
39,"Museumvereniging.Persistent.Domain.Items.Topic, Museumvereniging.Persistent.Domain",abbey,True,20d7f164-aad5-424a-b758-859b8913f1a0,en,d3613446-c3fb-4e04-289a-08d80b98c379,2020-06-08T10:47:46.4623444+00:00,2020-07-13 09:34:47.392377500+00:00,,,False
40,"Museumvereniging.Persistent.Domain.Items.Topic, Museumvereniging.Persistent.Domain",abstract,True,0fa89385-89f5-4da8-b1ea-f34dea78d5d6,en,d9f580d5-fc9e-45ed-289b-08d80b98c379,2020-06-08T10:48:05.3043355+00:00,2020-07-13 09:34:52.877588600+00:00,,,False
41,"Museumvereniging.Persistent.Domain.Items.Topic, Museumvereniging.Persistent.Domain",academic,True,d965ab05-4317-4abd-8cd3-9629d887d7df,en,e3c1aa12-4626-48c9-289c-08d80b98c379,2020-06-08T10:48:25.0741253+00:00,2020-07-13 09:34:58.114513800+00:00,,,False
42,"Museumvereniging.Persistent.Domain.Items.Topic, Museumvereniging.Persistent.Domain",18th century,True,0ca3814c-cdf9-4783-91a8-8bf5d1877862,en,b2db9de0-8c3d-4336-289d-08d80b98c379,2020-06-08T10:48:42.2849876+00:00,2020-07-13 09:35:03.293585500+00:00,,,False
43,"Museumvereniging.Persistent.Domain.Items.Topic, Museumvereniging.Persistent.Domain",nobility,True,18a9d8ce-560b-4c48-8d51-ae8741682a87,en,fdfc7fa5-7820-4ef6-289e-08d80b98c379,2020-06-08T10:49:05.9247045+00:00,2020-07-13 09:35:07.808343200+00:00,,,False
44,"Museumvereniging.Persistent.Domain.Items.Topic, Museumvereniging.Persistent.Domain",posters,True,45e866d1-3be6-4e67-90f1-cda52c1e33b2,en,2541df75-4e7a-4aa9-289f-08d80b98c379,2020-06-08T10:49:18.1432028+00:00,2020-07-13 09:35:13.875748600+00:00,,,False
45,"Museumvereniging.Persistent.Domain.Items.Topic, Museumvereniging.Persistent.Domain",crafts,True,823e9f04-3548-4995-bf09-ba7b56c4f23e,en,c51d017a-86cd-400d-28a0-08d80b98c379,2020-06-08T10:49:31.0909159+00:00,2020-07-13 09:35:18.652768100+00:00,,,False
46,"Museumvereniging.Persistent.Domain.Items.Topic, Museumvereniging.Persistent.Domain",ambulance,True,9692b76b-222e-4b66-8620-613e043f47f9,en,8a4a41c5-7e72-4c22-28a1-08d80b98c379,2020-06-08T10:49:58.6378592+00:00,2020-07-13 09:35:23.384831600+00:00,,,False
47,"Museumvereniging.Persistent.Domain.Items.Topic, Museumvereniging.Persistent.Domain",rijbewijs,True,d723febe-26bc-4777-a3a8-9808268876ea,nl,5e0b7965-6437-4c6b-c1f9-08d80d12e74c,2020-06-10T07:50:11.3811186+00:00,2020-07-13 09:35:28.547774+00:00,,,False
48,"Museumvereniging.Persistent.Domain.Items.Topic, Museumvereniging.Persistent.Domain",verkeer,True,49653ab1-dfe0-4174-a94f-c7325d5d117e,nl,cbad3f1a-7d72-411e-c1fa-08d80d12e74c,2020-06-10T07:53:00.3834574+00:00,2020-07-13 09:35:41.330614600+00:00,,,False
49,"Museumvereniging.Persistent.Domain.Items.Topic, Museumvereniging.Persistent.Domain",cultuur,False,be59bd56-bc2d-40bd-8e2b-217c719050d7,nl,082c543a-1804-462e-e57a-08d80d405b31,2020-06-10T13:15:42.0391754+00:00,2020-07-16 10:14:36.560862400+00:00,,,False
50,"Museumvereniging.Persistent.Domain.Items.Topic, Museumvereniging.Persistent.Domain",klimaat,True,b21f7d7a-3ca9-4672-b815-1201e245b305,nl,2ce839c3-b019-4004-e57b-08d80d405b31,2020-06-10T13:15:57.8443277+00:00,2020-07-13 14:43:05.322498300+00:00,,,False
51,"Museumvereniging.Persistent.Domain.Items.Topic, Museumvereniging.Persistent.Domain",voorjaarsvakantie,True,da3b15c6-767a-4d4f-a296-012715434532,nl,06a2e06d-db42-4cd5-2eb2-08d80ddd2115,2020-06-11T07:58:00.6976045+00:00,2020-07-13 14:43:14.584445700+00:00,,,False
52,"Museumvereniging.Persistent.Domain.Items.Topic, Museumvereniging.Persistent.Domain",meivakantie,True,728c1c84-344e-42ef-807e-a22b6a630b68,nl,863e2cc8-491b-40de-2eb3-08d80ddd2115,2020-06-11T07:58:09.866352+00:00,2020-07-13 14:43:22.307839400+00:00,,,False
53,"Museumvereniging.Persistent.Domain.Items.Topic, Museumvereniging.Persistent.Domain",zomervakantie,True,72d4aab7-7373-466e-8aa0-44656e089b91,nl,e69f95c0-31e8-4f32-2eb4-08d80ddd2115,2020-06-11T07:58:21.4758874+00:00,2020-07-16 13:45:07.010581+00:00,,,False
54,"Museumvereniging.Persistent.Domain.Items.Topic, Museumvereniging.Persistent.Domain",kerstvakantie,False,d260f3e7-23a8-40da-9919-2322a4b876a0,nl,40d8225c-d4eb-4d78-2eb5-08d80ddd2115,2020-06-11T07:58:31.8552251+00:00,2020-11-30 10:19:56.016627200+00:00,,,False
55,"Museumvereniging.Persistent.Domain.Items.Topic, Museumvereniging.Persistent.Domain",museumweek,True,4f3a6e50-0ea9-4950-b8c9-fabaef241dac,nl,be6f3228-9b9a-4991-2eb6-08d80ddd2115,2020-06-11T07:58:43.7528102+00:00,2020-07-13 14:43:46.618035800+00:00,,,False
56,"Museumvereniging.Persistent.Domain.Items.Topic, Museumvereniging.Persistent.Domain",museumkidsweek,True,282d087d-1d87-4751-9ca7-03532fe819eb,nl,ce499b2d-c816-4416-2eb7-08d80ddd2115,2020-06-11T07:58:55.1166464+00:00,2020-07-13 14:43:53.559390+00:00,,,False
57,"Museumvereniging.Persistent.Domain.Items.Topic, Museumvereniging.Persistent.Domain",tip voor thuis,False,b9a5d5ce-371a-4fe4-b0dd-36e63853dadf,nl,ca230c83-c188-4e86-2eb8-08d80ddd2115,2020-06-11T07:59:13.6575574+00:00,2020-10-29 09:24:45.398601+00:00,,,False
58,"Museumvereniging.Persistent.Domain.Items.Topic, Museumvereniging.Persistent.Domain",natuur,True,301ef385-1d64-4919-b76b-3c805d8c6fed,nl,8b94df28-e330-4e9b-2eb9-08d80ddd2115,2020-06-11T09:35:42.2291256+00:00,2020-07-13 14:44:21.138005900+00:00,,,False
59,"Museumvereniging.Persistent.Domain.Items.Topic, Museumvereniging.Persistent.Domain",ruimtevaart,True,4d2c7aee-538f-4b69-9b8f-a141e3325168,nl,fffa3d61-f9ad-4ac3-5c15-08d81425d84e,2020-06-19T07:53:24.8061959+00:00,2020-07-16 08:29:34.947595800+00:00,,,False
60,"Museumvereniging.Persistent.Domain.Items.Topic, Museumvereniging.Persistent.Domain",science,True,b913b457-8f90-4968-a71c-a860908722da,en,69f5343c-1694-46b2-e6ec-08d8142829bc,2020-06-19T08:10:00.4214891+00:00,2020-07-13 14:44:42.559815300+00:00,,,False
61,"Museumvereniging.Persistent.Domain.Items.Topic, Museumvereniging.Persistent.Domain",techniek,True,f9c7e23d-d151-4422-954d-bf6b613113f3,nl,69436094-cb7f-45c7-e6ed-08d8142829bc,2020-06-19T08:11:16.7609078+00:00,2020-11-30 10:22:01.315355800+00:00,,,False
62,"Museumvereniging.Persistent.Domain.Items.Topic, Museumvereniging.Persistent.Domain",boerenleven,True,2f892f36-e237-4fd7-b519-fd4136488cad,nl,c6ee0b12-b3e6-4d35-44e9-08d818f2d502,2020-06-25T10:30:50.7356655+00:00,2020-07-16 08:32:04.355724700+00:00,,,False
63,"Museumvereniging.Persistent.Domain.Items.Topic, Museumvereniging.Persistent.Domain",videokunst,True,bfc7180b-ac59-494b-b8f4-f0b2055f61e6,nl,bea0cbf5-db3d-4b73-b79c-08d81a06b873,2020-06-26T19:25:58.5420498+00:00,2020-07-16 08:29:02.332291100+00:00,,,False
64,"Museumvereniging.Persistent.Domain.Items.Topic, Museumvereniging.Persistent.Domain",Tweede Wereldoorlog,True,e3c3f47c-4ca6-4712-a44f-debdd9b9b71b,nl,865274e9-f3d7-4b4d-d009-08d81b747ef5,2020-06-28T15:04:03.2636251+00:00,2020-07-16 08:30:47.335741600+00:00,,,False
65,"Museumvereniging.Persistent.Domain.Items.Topic, Museumvereniging.Persistent.Domain",papier,True,668bd0bb-a526-4a0b-b459-f063eefb2674,nl,e8cdfa06-fb72-43ed-cde3-08d81cd5f4f4,2020-06-30T11:36:14.7302295+00:00,2020-07-13 14:45:20.191135100+00:00,,,False
66,"Museumvereniging.Persistent.Domain.Items.Topic, Museumvereniging.Persistent.Domain",video,True,bd2ff24d-e0f4-4368-97d7-e7b0ca2b1eb3,nl,1996e148-42e5-40c9-cde4-08d81cd5f4f4,2020-06-30T11:36:46.907129+00:00,2020-07-13 14:45:25.935739400+00:00,,,False
67,"Museumvereniging.Persistent.Domain.Items.Topic, Museumvereniging.Persistent.Domain",multimedia,True,468d1383-f872-4a1a-a872-53a28f29d5c0,nl,0f81586f-9052-43ae-cde6-08d81cd5f4f4,2020-06-30T11:37:40.1068797+00:00,2020-07-13 14:45:55.715447+00:00,,,False
68,"Museumvereniging.Persistent.Domain.Items.Topic, Museumvereniging.Persistent.Domain",keramiek,True,779450a5-6843-40ea-8ae6-0412b87e4ef1,nl,a41a4c0f-6ae3-4d1e-cde8-08d81cd5f4f4,2020-06-30T11:38:27.3457885+00:00,2020-07-13 14:46:01.346088700+00:00,,,False
69,"Museumvereniging.Persistent.Domain.Items.Topic, Museumvereniging.Persistent.Domain",muziek,True,44d6331f-a03b-4f7f-9d2d-10bd94d3b177,nl,85f3e5ed-0327-4341-cdf0-08d81cd5f4f4,2020-07-01T11:45:37.7934682+00:00,2020-07-23 14:36:13.834160300+00:00,,,False
70,"Museumvereniging.Persistent.Domain.Items.Topic, Museumvereniging.Persistent.Domain",onderwijs,True,76f61c85-675d-497b-9574-cefb10e1d9cd,nl,24b50e7f-2961-4cf2-9060-08d82281c883,2020-07-07T14:27:06.9635254+00:00,2020-07-13 14:47:12.850074800+00:00,,,False
71,"Museumvereniging.Persistent.Domain.Items.Topic, Museumvereniging.Persistent.Domain",oorlog,True,22eb811c-0c63-48ab-91cd-8b314b26a902,nl,901c0b30-58c2-4694-9061-08d82281c883,2020-07-07T14:27:23.2509826+00:00,2020-07-13 14:47:18.754289500+00:00,,,False
72,"Museumvereniging.Persistent.Domain.Items.Topic, Museumvereniging.Persistent.Domain",religie,True,f5315c98-35e6-43f5-a739-62368feac7d3,nl,d5206ca7-ccfc-4c9a-9062-08d82281c883,2020-07-07T14:28:16.3915414+00:00,2020-07-13 14:47:24.641954400+00:00,,,False
73,"Museumvereniging.Persistent.Domain.Items.Topic, Museumvereniging.Persistent.Domain",moderne kunst,True,46fa12c5-d3b5-4a76-984f-8c892adecf89,nl,e0195e8e-a07e-4929-97ee-08d827e04c5f,2020-07-14T10:25:58.014397+00:00,2020-07-14 10:25:58.042202+00:00,,,False
74,"Museumvereniging.Persistent.Domain.Items.Topic, Museumvereniging.Persistent.Domain",archeologie,True,1cdf7bd4-0ce2-4dad-987c-9fecf900321b,nl,a267f70d-6619-4eba-97ef-08d827e04c5f,2020-07-16T08:33:56.351678+00:00,2020-07-22 09:01:25.754045800+00:00,,,False
75,"Museumvereniging.Persistent.Domain.Items.Topic, Museumvereniging.Persistent.Domain",prehistorie,True,4de81e13-0b6a-4c15-b0fa-61de2c181693,nl,225e68fe-7a92-42ea-9646-08d82d534acd,2020-07-21T08:51:43.3267993+00:00,2020-07-21 08:51:43.345330900+00:00,,,False
76,"Museumvereniging.Persistent.Domain.Items.Topic, Museumvereniging.Persistent.Domain",beeldende kunst,True,8f852113-6b97-421f-8703-cb9042cfaf0a,nl,25efda4e-77fa-421e-9648-08d82d534acd,2020-07-21T08:56:02.7062703+00:00,2020-07-21 08:56:03.033060600+00:00,,,False
77,"Museumvereniging.Persistent.Domain.Items.Topic, Museumvereniging.Persistent.Domain",design,True,d67678cf-21e9-49ef-815d-d3e5720a29bc,nl,943647db-7ab6-4b88-9649-08d82d534acd,2020-07-21T08:56:12.4877616+00:00,2020-07-21 08:56:12.499726900+00:00,,,False
78,"Museumvereniging.Persistent.Domain.Items.Topic, Museumvereniging.Persistent.Domain",identiteit,True,61cf454d-0203-464e-8c9a-64c58d552b7a,nl,f0248239-f9d4-4320-964a-08d82d534acd,2020-07-21T09:00:38.0458535+00:00,2020-07-21 09:00:38.059630500+00:00,,,False
79,"Museumvereniging.Persistent.Domain.Items.Topic, Museumvereniging.Persistent.Domain",verzamelen,True,6078352e-4735-4335-9287-e95d2ad58594,nl,915df67e-9827-4228-964b-08d82d534acd,2020-07-21T09:12:59.1680349+00:00,2020-07-21 09:12:59.186174+00:00,,,False
80,"Museumvereniging.Persistent.Domain.Items.Topic, Museumvereniging.Persistent.Domain",performance,True,fbe39779-d8e6-4847-b00a-a5cf80d366f9,nl,cee8050f-312e-4024-964c-08d82d534acd,2020-07-21T09:16:28.2059901+00:00,2020-07-21 09:16:57.663029400+00:00,,,False
81,"Museumvereniging.Persistent.Domain.Items.Topic, Museumvereniging.Persistent.Domain",medisch,True,55f7b7d6-e20e-4d04-be01-92c012b703ee,nl,526f7779-dd02-4128-964d-08d82d534acd,2020-07-21T09:33:42.2579672+00:00,2020-07-21 09:33:42.268962200+00:00,,,False
82,"Museumvereniging.Persistent.Domain.Items.Topic, Museumvereniging.Persistent.Domain",spoorwegen,True,72395545-c17f-4e72-9a4e-b43a022193e8,nl,d73dd0ba-4f5d-42a7-964e-08d82d534acd,2020-07-21T10:20:17.4138162+00:00,2020-07-21 10:20:17.427067200+00:00,,,False
83,"Museumvereniging.Persistent.Domain.Items.Topic, Museumvereniging.Persistent.Domain",defensie,True,28da0725-130f-4e1c-9a1d-6c1cd5bd1c77,nl,e9ab7e50-46c2-4036-74fe-08d82d7246be,2020-07-21T12:41:31.5891364+00:00,2020-07-21 12:41:31.602742300+00:00,,,False
84,"Museumvereniging.Persistent.Domain.Items.Topic, Museumvereniging.Persistent.Domain",geschiedenis,True,1458f954-ea22-4f77-ba1a-17e48d6de757,nl,f6ec8a11-9841-4255-c029-08d832127e72,2020-07-27T09:50:28.4983811+00:00,2020-07-27 09:50:28.518162100+00:00,,,False
85,"Museumvereniging.Persistent.Domain.Items.Topic, Museumvereniging.Persistent.Domain",75 years of freedom,False,72aa32a1-94d6-4444-8c25-c7ed4f3fd62d,en,2331d993-0d21-4042-f5ef-08d8348e3012,2020-06-02T09:46:23.8048118+00:00,2020-07-30 13:40:56.948113600+00:00,,,False
86,"Museumvereniging.Persistent.Domain.Items.Topic, Museumvereniging.Persistent.Domain",sculpture,True,3a245c28-c42f-4eb6-bb93-dbe42aafc7ec,en,11a21516-52bb-4530-f5f0-08d8348e3012,2020-06-02T11:50:47.1156256+00:00,2020-09-10 12:43:23.560314100+00:00,,,False
87,"Museumvereniging.Persistent.Domain.Items.Topic, Museumvereniging.Persistent.Domain",culture,False,be59bd56-bc2d-40bd-8e2b-217c719050d7,en,34bd6ea1-d22d-4a20-f5f1-08d8348e3012,2020-06-10T13:15:42.0391754+00:00,2020-07-30 13:41:38.368019600+00:00,,,False
88,"Museumvereniging.Persistent.Domain.Items.Topic, Museumvereniging.Persistent.Domain",photography,False,a2e1ce90-61a7-410e-b3ed-00a0cde2b0af,en,9c0c3cee-e8ad-4680-f5f2-08d8348e3012,2020-06-02T11:51:04.0077263+00:00,2020-07-30 13:41:55.876437300+00:00,,,False
89,"Museumvereniging.Persistent.Domain.Items.Topic, Museumvereniging.Persistent.Domain",painting,False,7d2a345d-e4e4-48e6-95f9-25641e1fb773,en,58b8295c-fbd8-4f9b-f5f3-08d8348e3012,2020-06-02T11:52:01.4190319+00:00,2020-07-30 13:42:38.817804300+00:00,,,False
90,"Museumvereniging.Persistent.Domain.Items.Topic, Museumvereniging.Persistent.Domain",technics,True,f9c7e23d-d151-4422-954d-bf6b613113f3,en,3eb71b5f-b669-4fd9-f5f4-08d8348e3012,2020-06-19T08:11:16.7609078+00:00,2020-09-10 12:43:37.825279300+00:00,,,False
91,"Museumvereniging.Persistent.Domain.Items.Topic, Museumvereniging.Persistent.Domain",maritime,False,87160977-dc35-4631-85eb-bdb556de26fe,en,17291655-6e09-4f84-f627-08d8348e6180,2020-06-08T10:46:39.4399118+00:00,2020-07-30 13:42:19.877525200+00:00,,,False
92,"Museumvereniging.Persistent.Domain.Items.Topic, Museumvereniging.Persistent.Domain",Tikkit Talk,True,1eb50f49-12e1-4110-9b31-816a2b75f0f5,nl,6e196d5b-4d9a-4e8f-527a-08d848dbd1aa,2020-08-25T09:47:02.5134058+00:00,2020-08-25 09:47:08.924560200+00:00,,,False
93,"Museumvereniging.Persistent.Domain.Items.Topic, Museumvereniging.Persistent.Domain",Keramik,True,23138f4b-bf10-435e-87d5-7af332c0d41f,de,4bd6d7fb-31af-4ad3-527b-08d848dbd1aa,2020-08-27T10:34:41.1060359+00:00,2020-09-10 07:48:21.210695800+00:00,,,False
94,"Museumvereniging.Persistent.Domain.Items.Topic, Museumvereniging.Persistent.Domain",Abtei,True,e2dcad8d-899f-452a-9999-8d15dd55437b,de,b8be64b6-14d5-4787-527c-08d848dbd1aa,2020-08-27T10:35:25.1575856+00:00,2020-09-10 07:48:37.997727600+00:00,,,False
95,"Museumvereniging.Persistent.Domain.Items.Topic, Museumvereniging.Persistent.Domain",Akademisch,True,6f7c5c2d-9bc2-4aea-a9d9-2847532fe20a,de,add92a81-795a-4881-527e-08d848dbd1aa,2020-08-27T10:36:00.8653411+00:00,2020-09-10 07:49:27.924552700+00:00,,,False
96,"Museumvereniging.Persistent.Domain.Items.Topic, Museumvereniging.Persistent.Domain",18. Jahrhundert,True,7dedf314-61d2-4ea1-8736-1cb77e747d78,de,e7a86d42-9e04-4788-527f-08d848dbd1aa,2020-08-27T10:36:17.4090406+00:00,2020-09-10 07:50:12.521871400+00:00,,,False
97,"Museumvereniging.Persistent.Domain.Items.Topic, Museumvereniging.Persistent.Domain",Adel,True,36a3f073-4c19-4e16-8d47-42a70f8b1ccf,de,ea14fe66-e6c6-4969-5280-08d848dbd1aa,2020-08-27T10:37:02.0355465+00:00,2020-09-10 07:49:34.918627400+00:00,,,False
98,"Museumvereniging.Persistent.Domain.Items.Topic, Museumvereniging.Persistent.Domain",Kunsthandwerk,True,a7bee59d-59df-4847-85d6-ecb667397e9b,de,c5267169-a388-4051-5281-08d848dbd1aa,2020-08-27T10:37:20.5356797+00:00,2020-09-10 07:49:21.164016300+00:00,,,False
99,"Museumvereniging.Persistent.Domain.Items.Topic, Museumvereniging.Persistent.Domain",75 Jahre Freiheit,False,5a56ed2f-820c-4577-9b38-5fb10a99fb36,de,d4fd6b80-f76b-45a4-5282-08d848dbd1aa,2020-08-27T10:37:44.7624166+00:00,2020-08-27 10:37:44.815356+00:00,,,False
100,"Museumvereniging.Persistent.Domain.Items.Topic, Museumvereniging.Persistent.Domain",Skulptur,True,a2ae6965-c81e-4143-9000-1d3d6d1610cb,de,46378b44-30c0-4101-5283-08d848dbd1aa,2020-08-27T10:38:01.5008981+00:00,2020-09-10 12:44:31.684644300+00:00,,,False
101,"Museumvereniging.Persistent.Domain.Items.Topic, Museumvereniging.Persistent.Domain",Kultur,False,b93da815-45c3-41ff-8221-c9492435521b,de,dc47b671-5c23-4a89-5284-08d848dbd1aa,2020-08-27T10:38:56.3333813+00:00,2020-08-27 10:38:56.386191900+00:00,,,False
102,"Museumvereniging.Persistent.Domain.Items.Topic, Museumvereniging.Persistent.Domain",Fotografie,False,cf217960-3e33-4bb4-a162-826b046e4cbd,de,4cdf310a-e761-4a3f-5285-08d848dbd1aa,2020-08-27T10:39:13.1404438+00:00,2020-08-27 10:39:13.197536400+00:00,,,False
103,"Museumvereniging.Persistent.Domain.Items.Topic, Museumvereniging.Persistent.Domain",Malerei,False,b71ace37-4a12-46ea-bfb4-e2335f525032,de,9bff8b79-454c-45c7-5286-08d848dbd1aa,2020-08-27T10:39:29.4869684+00:00,2020-08-27 10:39:29.543385400+00:00,,,False
104,"Museumvereniging.Persistent.Domain.Items.Topic, Museumvereniging.Persistent.Domain",Technik,False,d8af6921-342c-4899-aa07-90e474aaf8e7,de,e1ea2905-32b3-4a71-5287-08d848dbd1aa,2020-08-27T10:39:51.7917417+00:00,2020-08-27 10:39:51.841275700+00:00,,,False
105,"Museumvereniging.Persistent.Domain.Items.Topic, Museumvereniging.Persistent.Domain",Maritim,False,edac6582-6f09-49b2-8511-b284d38b0c61,de,e326d72b-67cf-4129-5288-08d848dbd1aa,2020-08-27T10:40:11.6150298+00:00,2020-08-27 10:40:11.666388400+00:00,,,False
106,"Museumvereniging.Persistent.Domain.Items.Topic, Museumvereniging.Persistent.Domain",Druckgrafik,True,fb0e9d34-d450-4751-9daf-7e6b05592725,de,c881d77c-eee0-4407-5289-08d848dbd1aa,2020-08-27T10:46:14.9844115+00:00,2020-09-10 07:49:09.920666900+00:00,,,False
107,"Museumvereniging.Persistent.Domain.Items.Topic, Museumvereniging.Persistent.Domain",Natur,True,b2eea377-cf24-4d90-a96e-3aa6a8faa747,de,a56bb647-d93b-4f67-528a-08d848dbd1aa,2020-08-27T10:52:38.3622167+00:00,2020-09-10 07:49:49.755890700+00:00,,,False
108,"Museumvereniging.Persistent.Domain.Items.Topic, Museumvereniging.Persistent.Domain",herfstvakantie,True,2b91fac4-c3bb-46c3-a146-05eaa8305a91,nl,355b26e3-ca5c-456c-1cf4-08d84d91d040,2020-08-31T09:39:53.2091558+00:00,2020-09-10 07:47:29.834554900+00:00,,,False
109,"Museumvereniging.Persistent.Domain.Items.Topic, Museumvereniging.Persistent.Domain",heksenvervolging,True,19645e09-e9a5-4084-976a-b34892992b66,nl,8cfa4a78-596c-4c3c-3e97-08d87b535483,2020-11-05T09:27:33.4415103+00:00,2020-11-20 09:39:44.834142100+00:00,,,False
110,"Museumvereniging.Persistent.Domain.Items.Topic, Museumvereniging.Persistent.Domain",spiritualiteit,True,4be1a90d-6bed-4af7-a32a-2d5f44a31197,nl,2c840b85-6b96-4080-3e98-08d87b535483,2020-11-05T09:27:50.474634+00:00,2020-11-20 09:37:46.732205100+00:00,,,False
111,"Museumvereniging.Persistent.Domain.Items.Topic, Museumvereniging.Persistent.Domain",geneeskunde,True,bf5e5586-ad68-46a8-a5de-79c09759fbdc,nl,af24d8ab-e7ce-4436-3e99-08d87b535483,2020-11-05T09:27:58.8592696+00:00,2020-11-20 09:37:57.719877900+00:00,,,False
